{"learning_rate": 0.019081095869040096, "num_leaves": 252, "max_depth": 244, "num_iteration": 1594, "min_data_in_leaf": 50, "lambda_l1": 0.08825833339036523, "lambda_l2": 0.029638567516438553}