{"learning_rate": 0.01786179323291656, "num_leaves": 210, "max_depth": 163, "num_iteration": 1985, "min_data_in_leaf": 20, "lambda_l1": 0.022254505319191677, "lambda_l2": 0.06084753443929523}