{"learning_rate": 0.012680634030630088, "num_leaves": 174, "max_depth": 263, "num_iteration": 4517, "min_data_in_leaf": 30, "lambda_l1": 0.041623918876622784, "lambda_l2": 0.031829007613671044}