{"learning_rate": 0.01572582028831465, "num_leaves": 146, "max_depth": 254, "num_iteration": 1380, "min_data_in_leaf": 6, "lambda_l1": 0.04678873714899434, "lambda_l2": 0.024688346573338717}