{"learning_rate": 0.016863729516425396, "num_leaves": 70, "max_depth": 197, "num_iteration": 4580, "min_data_in_leaf": 11, "lambda_l1": 0.015787519079804004, "lambda_l2": 0.07505439202723761}