{"learning_rate": 0.029648108899466962, "num_leaves": 59, "max_depth": 174, "num_iteration": 4381, "min_data_in_leaf": 24, "lambda_l1": 0.00881299072366919, "lambda_l2": 0.07844893689037491}